{"cameraMode":{"drawMode":0,"name":"Shaded","section":"Shading Mode"},"sceneLighting":false,"audioPlay":false,"sceneViewState":{"m_AlwaysRefresh":false,"showFog":true,"showSkybox":true,"showFlares":true,"showImageEffects":true,"showParticleSystems":true,"showVisualEffectGraphs":true,"m_FxEnabled":true},"in2DMode":false,"pivot":{"x":-2.6614654064178469,"y":-2.8695249557495119,"z":9.412906646728516},"rotation":{"x":-0.001190328155644238,"y":-0.9827454686164856,"z":0.18492881953716279,"w":-0.006494330242276192},"size":25.730205535888673,"orthographic":false}