{"cameraMode":{"drawMode":0,"name":"Shaded","section":"Shading Mode"},"sceneLighting":false,"audioPlay":false,"sceneViewState":{"m_AlwaysRefresh":false,"showFog":true,"showSkybox":true,"showFlares":true,"showImageEffects":true,"showParticleSystems":true,"showVisualEffectGraphs":true,"m_FxEnabled":true},"in2DMode":false,"pivot":{"x":11.675579071044922,"y":12.939393997192383,"z":4.221017837524414},"rotation":{"x":0.00821386557072401,"y":0.991736114025116,"z":-0.09550032019615174,"w":0.08529691398143769},"size":15.78743839263916,"orthographic":false}